date,sale
01/2016,10465206380
02/2016,12247809370
03/2016,15687740360
04/2016,11892435690
05/2016,10003571010
06/2016,9418589050
07/2016,9448328000
08/2016,10248287670
09/2016,10401537360
10/2016,9729093590
11/2016,11925905600
12/2016,15932820800
01/2017,9961537700
02/2017,11419769020
03/2017,15529805760
04/2017,12033292540
05/2017,11070802830
06/2017,11114471820
07/2017,11423202210
08/2017,14698974610
09/2017,8301775780
10/2017,9562764640
11/2017,12491774010
12/2017,13282901050
01/2018,10451841330
02/2018,9429174630
03/2018,15066377540
04/2018,9796127690
05/2018,9315262810
06/2018,10079059990
07/2018,10195861160
08/2018,9993839260
09/2018,8684604500
10/2018,10361789190
11/2018,13486831130
12/2018,14447165750
01/2019,10496871880
02/2019,11084124500
03/2019,15482639730
04/2019,11692568350
05/2019,11178548760
06/2019,10714602640
07/2019,10534661720
08/2019,10495229300
09/2019,9935252610
10/2019,12173254350
11/2019,14183026420
12/2019,14713310490
01/2020,9978250680
02/2020,12544514910
03/2020,13307049960
04/2020,2594870960
05/2020,8345996950
06/2020,8548179470
07/2020,13254634690
08/2020,10854547040
09/2020,10516685410
10/2020,11913644410
11/2020,12947112050
12/2020,13472816070
01/2021,8225381544
02/2021,9155192507
03/2021,13167893952
04/2021,11579450072
05/2021,8756534605
06/2021,9830265674
07/2021,10482275272
08/2021,6782229736
09/2021,8164002635
10/2021,9843032184
11/2021,13103333217
12/2021,14576900496
01/2022,10689608046
02/2022,12978028610
03/2022,15769710992
04/2022,9624463910
05/2022,9667207371
06/2022,12412656844
07/2022,10202681340
08/2022,9647586745
09/2022,9701994531
10/2022,11375974555
11/2022,15358898154
12/2022,16053419963
01/2023,13276365247
02/2023,9938695974
03/2023,14490974856