price_change_pct,elasticity,estimated_volume_change_pct,estimated_revenue_impact_pct,estimated_revenue_impact_thb
-2.0,-1.5,3.0,0.9400000000000075,1332458643.2060106
-2.0,-1.2,2.4,0.35199999999999676,498963236.6047954
-2.0,-1.0,2.0,-0.039999999999995595,-56700367.79599375
-2.0,-0.7,1.4,-0.6279999999999952,-890195774.3971932
-2.0,-0.3,0.6,-1.4120000000000021,-2001522983.198803
0.0,-1.5,-0.0,0.0,0.0
0.0,-1.2,-0.0,0.0,0.0
0.0,-1.0,-0.0,0.0,0.0
0.0,-0.7,-0.0,0.0,0.0
0.0,-0.3,-0.0,0.0,0.0
1.0,-1.5,-1.5,-0.5149999999999988,-730017235.3734983
1.0,-1.2,-1.2,-0.21200000000000108,-300511949.3188015
1.0,-1.0,-1.0,-0.009999999999998899,-14175091.948998438
1.0,-0.7,-0.7,0.2930000000000099,415330194.1057141
1.0,-0.3,-0.3,0.6969999999999921,988003908.8452888
3.0,-1.5,-4.5,-1.6349999999999976,-2317627533.6614966
3.0,-1.2,-3.5999999999999996,-0.7079999999999975,-1003596509.9891965
3.0,-1.0,-3.0,-0.09000000000000119,-127575827.54100169
3.0,-0.7,-2.0999999999999996,0.8369999999999989,1186455196.1312983
3.0,-0.3,-0.8999999999999999,2.0729999999999915,2938496561.027688
5.0,-1.5,-7.500000000000001,-2.8749999999999942,-4075338935.337492
5.0,-1.2,-6.0,-1.3000000000000012,-1842761953.3700016
5.0,-1.0,-5.0,-0.2500000000000058,-354377298.7250082
5.0,-0.7,-3.4999999999999996,1.3249999999999984,1878199683.2424977
5.0,-0.3,-1.5,3.4250000000000114,4854968992.5325165
8.0,-1.5,-12.0,-4.959999999999997,-7030845606.703997
8.0,-1.2,-9.6,-2.3679999999999923,-3356661773.523189
8.0,-1.0,-8.0,-0.639999999999985,-907205884.7359787
8.0,-0.7,-5.6,1.9519999999999982,2766977948.4447975
8.0,-0.3,-2.4,5.408000000000013,7665889726.019218
